Run,Method,Job,AnalyzeLaunchVariance,EvaluateOverhead,MaxAbsoluteError,MaxRelativeError,MinInvokeCount,MinIterationTime,OutlierMode,Affinity,EnvironmentVariables,Jit,LargeAddressAware,Platform,PowerPlanMode,Runtime,AllowVeryLargeObjects,Concurrent,CpuGroups,Force,HeapAffinitizeMask,HeapCount,NoAffinitize,RetainVm,Server,Arguments,BuildConfiguration,Clock,EngineFactory,NuGetReferences,Toolchain,IsMutator,InvocationCount,IterationCount,IterationTime,LaunchCount,MaxIterationCount,MaxWarmupIterationCount,MemoryRandomization,MinIterationCount,MinWarmupIterationCount,RunStrategy,UnrollFactor,WarmupCount,Mean,Error,StdDev,P50,P90,P95,P99,Median,Ratio,RatioSD,Rank,Gen0,Completed Work Items,Lock Contentions,Allocated,Alloc Ratio
1,'Acquire+Release | Hayate Lean',Short,False,Default,Default,Default,Default,Default,Default,1111111111111111,Empty,RyuJit,Default,X64,8c5e7fda-e8bf-4a96-9a85-a6e23a8c635c,.NET 10.0,False,True,False,True,Default,Default,False,False,True,Default,Default,Default,Default,Default,Default,Default,Default,10,Default,Default,Default,Default,Default,Default,Default,Default,16,3,59.18 ns,4.297 ns,2.842 ns,57.7,62.0,64.4,64.4,57.99 ns,1.27,0.06,2,0.0000,0.0000,0.0000,0 B,NA
1,'AcquireAsync+Release | Hayate Lean',Short,False,Default,Default,Default,Default,Default,Default,1111111111111111,Empty,RyuJit,Default,X64,8c5e7fda-e8bf-4a96-9a85-a6e23a8c635c,.NET 10.0,False,True,False,True,Default,Default,False,False,True,Default,Default,Default,Default,Default,Default,Default,Default,10,Default,Default,Default,Default,Default,Default,Default,Default,16,3,173.10 ns,10.793 ns,7.139 ns,168.9,181.5,184.8,184.8,170.27 ns,3.70,0.17,3,0.0038,0.0000,0.0000,144 B,NA
1,'Acquire+Release | MEOP (baseline)',Short,False,Default,Default,Default,Default,Default,Default,1111111111111111,Empty,RyuJit,Default,X64,8c5e7fda-e8bf-4a96-9a85-a6e23a8c635c,.NET 10.0,False,True,False,True,Default,Default,False,False,True,Default,Default,Default,Default,Default,Default,Default,Default,10,Default,Default,Default,Default,Default,Default,Default,Default,16,3,46.75 ns,1.793 ns,1.067 ns,47.0,48.7,48.7,48.7,46.97 ns,1.00,0.03,1,0.0000,0.0000,0.0000,0 B,NA
2,'Acquire+Release | Hayate Lean',Short,False,Default,Default,Default,Default,Default,Default,1111111111111111,Empty,RyuJit,Default,X64,8c5e7fda-e8bf-4a96-9a85-a6e23a8c635c,.NET 10.0,False,True,False,True,Default,Default,False,False,True,Default,Default,Default,Default,Default,Default,Default,Default,10,Default,Default,Default,Default,Default,Default,Default,Default,16,3,30.49 ns,2.146 ns,1.277 ns,30.5,32.9,32.9,32.9,30.49 ns,1.22,0.06,2,0.0000,0.0000,0.0000,0 B,NA
2,'AcquireAsync+Release | Hayate Lean',Short,False,Default,Default,Default,Default,Default,Default,1111111111111111,Empty,RyuJit,Default,X64,8c5e7fda-e8bf-4a96-9a85-a6e23a8c635c,.NET 10.0,False,True,False,True,Default,Default,False,False,True,Default,Default,Default,Default,Default,Default,Default,Default,10,Default,Default,Default,Default,Default,Default,Default,Default,16,3,77.59 ns,4.938 ns,3.266 ns,76.4,81.7,83.0,83.0,77.19 ns,3.10,0.14,3,0.0038,0.0000,0.0000,144 B,NA
2,'Acquire+Release | MEOP (baseline)',Short,False,Default,Default,Default,Default,Default,Default,1111111111111111,Empty,RyuJit,Default,X64,8c5e7fda-e8bf-4a96-9a85-a6e23a8c635c,.NET 10.0,False,True,False,True,Default,Default,False,False,True,Default,Default,Default,Default,Default,Default,Default,Default,10,Default,Default,Default,Default,Default,Default,Default,Default,16,3,25.05 ns,0.866 ns,0.573 ns,25.1,25.5,25.9,25.9,25.14 ns,1.00,0.03,1,0.0000,0.0000,0.0000,0 B,NA
3,'Acquire+Release | Hayate Lean',Short,False,Default,Default,Default,Default,Default,Default,1111111111111111,Empty,RyuJit,Default,X64,8c5e7fda-e8bf-4a96-9a85-a6e23a8c635c,.NET 10.0,False,True,False,True,Default,Default,False,False,True,Default,Default,Default,Default,Default,Default,Default,Default,10,Default,Default,Default,Default,Default,Default,Default,Default,16,3,31.95 ns,2.386 ns,1.578 ns,31.4,33.6,33.8,33.8,31.48 ns,1.65,0.15,2,0.0000,0.0000,0.0000,0 B,NA
3,'AcquireAsync+Release | Hayate Lean',Short,False,Default,Default,Default,Default,Default,Default,1111111111111111,Empty,RyuJit,Default,X64,8c5e7fda-e8bf-4a96-9a85-a6e23a8c635c,.NET 10.0,False,True,False,True,Default,Default,False,False,True,Default,Default,Default,Default,Default,Default,Default,Default,10,Default,Default,Default,Default,Default,Default,Default,Default,16,3,101.51 ns,22.360 ns,14.790 ns,95.9,115.8,131.6,131.6,99.47 ns,5.25,0.85,3,0.0038,0.0000,0.0000,144 B,NA
3,'Acquire+Release | MEOP (baseline)',Short,False,Default,Default,Default,Default,Default,Default,1111111111111111,Empty,RyuJit,Default,X64,8c5e7fda-e8bf-4a96-9a85-a6e23a8c635c,.NET 10.0,False,True,False,True,Default,Default,False,False,True,Default,Default,Default,Default,Default,Default,Default,Default,10,Default,Default,Default,Default,Default,Default,Default,Default,16,3,19.45 ns,2.448 ns,1.619 ns,18.9,21.0,22.0,22.0,19.16 ns,1.01,0.11,1,0.0000,0.0000,0.0000,0 B,NA
